[{"pk": 1, "model": "web.course", "fields": {"shortname": "ogc", "name": "Ootacamund Gymkhana club", "description": "dddd"}}, {"pk": 2, "model": "web.course", "fields": {"shortname": "cgc", "name": "Coimbatore golf course", "description": "qqqq"}}, {"pk": 1, "model": "web.tee", "fields": {"course": 1, "colour": "WT", "courserating": "69.3", "description": "gents tee", "sloperating": 117}}, {"pk": 1, "model": "web.hole", "fields": {"par": 5, "strokeindex": 9, "tee": 1, "yardage": 495, "number": 1}}, {"pk": 2, "model": "web.hole", "fields": {"par": 3, "strokeindex": 11, "tee": 1, "yardage": 210, "number": 2}}, {"pk": 3, "model": "web.hole", "fields": {"par": 4, "strokeindex": 3, "tee": 1, "yardage": 380, "number": 3}}, {"pk": 4, "model": "web.hole", "fields": {"par": 4, "strokeindex": 15, "tee": 1, "yardage": 350, "number": 4}}, {"pk": 5, "model": "web.hole", "fields": {"par": 5, "strokeindex": 9, "tee": 1, "yardage": 500, "number": 5}}, {"pk": 6, "model": "web.hole", "fields": {"par": 4, "strokeindex": 1, "tee": 1, "yardage": 390, "number": 6}}, {"pk": 7, "model": "web.hole", "fields": {"par": 3, "strokeindex": 7, "tee": 1, "yardage": 198, "number": 7}}, {"pk": 8, "model": "web.hole", "fields": {"par": 4, "strokeindex": 17, "tee": 1, "yardage": 360, "number": 8}}, {"pk": 9, "model": "web.hole", "fields": {"par": 3, "strokeindex": 5, "tee": 1, "yardage": 220, "number": 9}}, {"pk": 11, "model": "web.hole", "fields": {"par": 4, "strokeindex": 10, "tee": 1, "yardage": 380, "number": 10}}, {"pk": 12, "model": "web.hole", "fields": {"par": 3, "strokeindex": 14, "tee": 1, "yardage": 210, "number": 11}}, {"pk": 13, "model": "web.hole", "fields": {"par": 4, "strokeindex": 18, "tee": 1, "yardage": 350, "number": 12}}, {"pk": 14, "model": "web.hole", "fields": {"par": 4, "strokeindex": 2, "tee": 1, "yardage": 387, "number": 13}}, {"pk": 15, "model": "web.hole", "fields": {"par": 3, "strokeindex": 6, "tee": 1, "yardage": 215, "number": 14}}, {"pk": 16, "model": "web.hole", "fields": {"par": 4, "strokeindex": 12, "tee": 1, "yardage": 340, "number": 15}}, {"pk": 17, "model": "web.hole", "fields": {"par": 5, "strokeindex": 8, "tee": 1, "yardage": 500, "number": 16}}, {"pk": 18, "model": "web.hole", "fields": {"par": 4, "strokeindex": 16, "tee": 1, "yardage": 369, "number": 17}}, {"pk": 19, "model": "web.hole", "fields": {"par": 4, "strokeindex": 4, "tee": 1, "yardage": 400, "number": 18}}, {"pk": 1, "model": "web.tournament", "fields": {"startdate": "2010-02-12", "rounds": 1, "closed": false, "course": 1}}, {"pk": 1, "model": "web.trophy", "fields": {"handicapmin": 0, "handicapmax": 30, "tournament": 1, "name": "raja cup", "format": "MR"}}, {"pk": 2, "model": "web.trophy", "fields": {"handicapmin": 0, "handicapmax": 24, "tournament": 1, "name": "rani cup", "format": "GM"}}, {"pk": 3, "model": "web.trophy", "fields": {"handicapmin": 0, "handicapmax": 16, "tournament": 1, "name": "rock", "format": "ST"}}, {"pk": 4, "model": "web.trophy", "fields": {"handicapmin": 17, "handicapmax": 30, "tournament": 1, "name": "roarer", "format": "AG"}}, {"pk": 1, "model": "web.player", "fields": {"first_name": "x", "last_name": "y", "homeclub": 1, "tee": 1}}, {"pk": 2, "model": "web.player", "fields": {"first_name": "shyam", "last_name": "n", "homeclub": 1, "tee": 1}}, {"pk": 3, "model": "web.player", "fields": {"first_name": "q", "last_name": "q", "homeclub": 1, "tee": 1}}, {"pk": 4, "model": "web.player", "fields": {"first_name": "h", "last_name": "g", "homeclub": 1, "tee": 1}}, {"pk": 5, "model": "web.player", "fields": {"first_name": "m", "last_name": "n", "homeclub": 1, "tee": 1}}, {"pk": 6, "model": "web.player", "fields": {"first_name": "j", "last_name": "j", "homeclub": 1, "tee": 1}}, {"pk": 7, "model": "web.player", "fields": {"first_name": "k", "last_name": "jkj", "homeclub": 1, "tee": 1}}, {"pk": 1, "model": "web.handicap", "fields": {"handicap": "23.0", "player": 1, "valto": "2010-03-30", "valfrom": "2009-12-01"}}, {"pk": 2, "model": "web.handicap", "fields": {"handicap": "12.0", "player": 2, "valto": "2010-03-30", "valfrom": "2009-12-01"}}, {"pk": 3, "model": "web.handicap", "fields": {"handicap": "24.2", "player": 3, "valto": "2010-03-30", "valfrom": "2009-12-01"}}, {"pk": 4, "model": "web.handicap", "fields": {"handicap": "17.0", "player": 4, "valto": "2010-02-28", "valfrom": "2009-12-01"}}, {"pk": 5, "model": "web.handicap", "fields": {"handicap": "5.0", "player": 5, "valto": "2010-02-28", "valfrom": "2009-12-01"}}, {"pk": 6, "model": "web.handicap", "fields": {"handicap": "10.0", "player": 6, "valto": "2010-01-31", "valfrom": "2009-12-01"}}, {"pk": 7, "model": "web.handicap", "fields": {"handicap": "14.7", "player": 7, "valto": "2010-01-31", "valfrom": "2009-12-01"}}, {"pk": 1, "model": "web.draw", "fields": {"tournament": 1, "day": 1, "interval": 8, "groupsize": 3}},  {"pk": 1, "model": "web.matchentry", "fields": {"player": 1, "tournament": 1, "tee": 1}}, {"pk": 2, "model": "web.matchentry", "fields": {"player": 2, "tournament": 1, "tee": 1}}, {"pk": 3, "model": "web.matchentry", "fields": {"player": 3, "tournament": 1, "tee": 1}}, {"pk": 4, "model": "web.matchentry", "fields": {"player": 4, "tournament": 1, "tee": 1}}, {"pk": 5, "model": "web.matchentry", "fields": {"player": 5, "tournament": 1, "tee": 1}}, {"pk": 6, "model": "web.matchentry", "fields": {"player": 6, "tournament": 1, "tee": 1}}, {"pk": 7, "model": "web.matchentry", "fields": {"player": 7, "tournament": 1, "tee": 1}}, {"pk": 1, "model": "web.score", "fields": {"hole": 1, "score": 5, "matchentry": 1}}, {"pk": 2, "model": "web.score", "fields": {"hole": 2, "score": 4, "matchentry": 1}}, {"pk": 3, "model": "web.score", "fields": {"hole": 3, "score": 5, "matchentry": 1}}, {"pk": 4, "model": "web.score", "fields": {"hole": 4, "score": 6, "matchentry": 1}}, {"pk": 5, "model": "web.score", "fields": {"hole": 5, "score": 4, "matchentry": 1}}, {"pk": 6, "model": "web.score", "fields": {"hole": 6, "score": 6, "matchentry": 1}}, {"pk": 7, "model": "web.score", "fields": {"hole": 7, "score": 7, "matchentry": 1}}, {"pk": 8, "model": "web.score", "fields": {"hole": 8, "score": 5, "matchentry": 1}}, {"pk": 9, "model": "web.score", "fields": {"hole": 9, "score": 3, "matchentry": 1}}, {"pk": 10, "model": "web.score", "fields": {"hole": 11, "score": 4, "matchentry": 1}}, {"pk": 11, "model": "web.score", "fields": {"hole": 12, "score": 3, "matchentry": 1}}, {"pk": 12, "model": "web.score", "fields": {"hole": 13, "score": 7, "matchentry": 1}}, {"pk": 13, "model": "web.score", "fields": {"hole": 14, "score": 8, "matchentry": 1}}, {"pk": 14, "model": "web.score", "fields": {"hole": 15, "score": 6, "matchentry": 1}}, {"pk": 15, "model": "web.score", "fields": {"hole": 16, "score": 6, "matchentry": 1}}, {"pk": 16, "model": "web.score", "fields": {"hole": 17, "score": 6, "matchentry": 1}}, {"pk": 17, "model": "web.score", "fields": {"hole": 18, "score": 5, "matchentry": 1}}, {"pk": 18, "model": "web.score", "fields": {"hole": 19, "score": 4, "matchentry": 1}}]
