[{"pk": 1, "model": "web.course", "fields": {"shortname": "ogc", "name": "Ootacamund Gymkhana club", "description": "ssss"}}, {"pk": 1, "model": "web.tee", "fields": {"course": 1, "colour": "WT", "courserating": "69.1", "description": "gents tee", "sloperating": 117}}, {"pk": 1, "model": "web.hole", "fields": {"par": 5, "strokeindex": 13, "tee": 1, "yardage": 500, "number": 1}}, {"pk": 2, "model": "web.hole", "fields": {"par": 3, "strokeindex": 11, "tee": 1, "yardage": 210, "number": 2}}, {"pk": 3, "model": "web.hole", "fields": {"par": 4, "strokeindex": 3, "tee": 1, "yardage": 380, "number": 3}}, {"pk": 4, "model": "web.hole", "fields": {"par": 4, "strokeindex": 15, "tee": 1, "yardage": 345, "number": 4}}, {"pk": 5, "model": "web.hole", "fields": {"par": 5, "strokeindex": 9, "tee": 1, "yardage": 500, "number": 5}}, {"pk": 6, "model": "web.hole", "fields": {"par": 4, "strokeindex": 1, "tee": 1, "yardage": 400, "number": 6}}, {"pk": 7, "model": "web.hole", "fields": {"par": 3, "strokeindex": 7, "tee": 1, "yardage": 190, "number": 7}}, {"pk": 8, "model": "web.hole", "fields": {"par": 4, "strokeindex": 17, "tee": 1, "yardage": 350, "number": 8}}, {"pk": 9, "model": "web.hole", "fields": {"par": 3, "strokeindex": 5, "tee": 1, "yardage": 213, "number": 9}}, {"pk": 10, "model": "web.hole", "fields": {"par": 4, "strokeindex": 10, "tee": 1, "yardage": 345, "number": 10}}, {"pk": 11, "model": "web.hole", "fields": {"par": 3, "strokeindex": 14, "tee": 1, "yardage": 213, "number": 11}}, {"pk": 12, "model": "web.hole", "fields": {"par": 4, "strokeindex": 18, "tee": 1, "yardage": 360, "number": 12}}, {"pk": 13, "model": "web.hole", "fields": {"par": 4, "strokeindex": 2, "tee": 1, "yardage": 367, "number": 13}}, {"pk": 14, "model": "web.hole", "fields": {"par": 3, "strokeindex": 6, "tee": 1, "yardage": 220, "number": 14}}, {"pk": 15, "model": "web.hole", "fields": {"par": 4, "strokeindex": 12, "tee": 1, "yardage": 356, "number": 15}}, {"pk": 16, "model": "web.hole", "fields": {"par": 5, "strokeindex": 8, "tee": 1, "yardage": 497, "number": 16}}, {"pk": 17, "model": "web.hole", "fields": {"par": 4, "strokeindex": 16, "tee": 1, "yardage": 345, "number": 17}}, {"pk": 18, "model": "web.hole", "fields": {"par": 4, "strokeindex": 4, "tee": 1, "yardage": 387, "number": 18}}, {"pk": 1, "model": "web.tournament", "fields": {"startdate": "2010-02-12", "rounds": 1, "closed": false, "course": 1}}, {"pk": 1, "model": "web.trophy", "fields": {"handicapmin": 0, "handicapmax": 16, "tournament": 1, "name": "raja cup", "format": "ST"}}, {"pk": 3, "model": "web.trophy", "fields": {"handicapmin": 0, "handicapmax": 30, "tournament": 1, "name": "rani cup", "format": "GM"}}, {"pk": 4, "model": "web.trophy", "fields": {"handicapmin": 17, "handicapmax": 30, "tournament": 1, "name": "rocket", "format": "AG"}}, {"pk": 2, "model": "web.trophy", "fields": {"handicapmin": 0, "handicapmax": 30, "tournament": 1, "name": "roarer", "format": "MR"}}, {"pk": 1, "model": "web.player", "fields": {"first_name": "kenneth", "last_name": "gonsalves", "homeclub": 1, "tee": 1}}, {"pk": 2, "model": "web.player", "fields": {"first_name": "r", "last_name": "velu", "homeclub": 1, "tee": 1}}, {"pk": 3, "model": "web.player", "fields": {"first_name": "pbh", "last_name": "pawar", "homeclub": 1, "tee": 1}}, {"pk": 4, "model": "web.player", "fields": {"first_name": "shyam", "last_name": "sunder", "homeclub": 1, "tee": 1}}, {"pk": 1, "model": "web.handicap", "fields": {"handicap": "28.2", "player": 1, "valto": "2010-01-31", "valfrom": "2010-01-01"}}, {"pk": 2, "model": "web.handicap", "fields": {"handicap": "20.2", "player": 2, "valto": "2010-01-31", "valfrom": "2010-01-01"}}, {"pk": 3, "model": "web.handicap", "fields": {"handicap": "13.6", "player": 3, "valto": "2010-01-31", "valfrom": "2010-01-01"}}, {"pk": 4, "model": "web.handicap", "fields": {"handicap": "9.7", "player": 4, "valto": "2010-01-31", "valfrom": "2009-12-01"}}, {"pk": 1, "model": "web.matchentry", "fields": {"player": 1, "tournament": 1}}, {"pk": 2, "model": "web.matchentry", "fields": {"player": 2, "tournament": 1}}, {"pk": 3, "model": "web.matchentry", "fields": {"player": 3, "tournament": 1}}, {"pk": 4, "model": "web.matchentry", "fields": {"player": 4, "tournament": 1}}, {"pk": 72, "model": "web.score", "fields": {"hole": 1, "score": 4, "matchentry": 3}}, {"pk": 73, "model": "web.score", "fields": {"hole": 2, "score": 3, "matchentry": 3}}, {"pk": 74, "model": "web.score", "fields": {"hole": 3, "score": 4, "matchentry": 3}}, {"pk": 75, "model": "web.score", "fields": {"hole": 4, "score": 4, "matchentry": 3}}, {"pk": 76, "model": "web.score", "fields": {"hole": 5, "score": 5, "matchentry": 3}}, {"pk": 77, "model": "web.score", "fields": {"hole": 6, "score": 5, "matchentry": 3}}, {"pk": 78, "model": "web.score", "fields": {"hole": 7, "score": 7, "matchentry": 3}}, {"pk": 79, "model": "web.score", "fields": {"hole": 8, "score": 4, "matchentry": 3}}, {"pk": 80, "model": "web.score", "fields": {"hole": 9, "score": 3, "matchentry": 3}}, {"pk": 81, "model": "web.score", "fields": {"hole": 10, "score": 4, "matchentry": 3}}, {"pk": 82, "model": "web.score", "fields": {"hole": 11, "score": 3, "matchentry": 3}}, {"pk": 83, "model": "web.score", "fields": {"hole": 12, "score": 4, "matchentry": 3}}, {"pk": 84, "model": "web.score", "fields": {"hole": 13, "score": 5, "matchentry": 3}}, {"pk": 85, "model": "web.score", "fields": {"hole": 14, "score": 3, "matchentry": 3}}, {"pk": 86, "model": "web.score", "fields": {"hole": 15, "score": 4, "matchentry": 3}}, {"pk": 87, "model": "web.score", "fields": {"hole": 16, "score": 6, "matchentry": 3}}, {"pk": 88, "model": "web.score", "fields": {"hole": 17, "score": 5, "matchentry": 3}}, {"pk": 89, "model": "web.score", "fields": {"hole": 18, "score": 4, "matchentry": 3}}, {"pk": 54, "model": "web.score", "fields": {"hole": 1, "score": 6, "matchentry": 1}}, {"pk": 55, "model": "web.score", "fields": {"hole": 2, "score": 3, "matchentry": 1}}, {"pk": 56, "model": "web.score", "fields": {"hole": 3, "score": 5, "matchentry": 1}}, {"pk": 57, "model": "web.score", "fields": {"hole": 4, "score": 5, "matchentry": 1}}, {"pk": 58, "model": "web.score", "fields": {"hole": 5, "score": 6, "matchentry": 1}}, {"pk": 59, "model": "web.score", "fields": {"hole": 6, "score": 6, "matchentry": 1}}, {"pk": 60, "model": "web.score", "fields": {"hole": 7, "score": 5, "matchentry": 1}}, {"pk": 61, "model": "web.score", "fields": {"hole": 8, "score": 4, "matchentry": 1}}, {"pk": 62, "model": "web.score", "fields": {"hole": 9, "score": 3, "matchentry": 1}}, {"pk": 63, "model": "web.score", "fields": {"hole": 10, "score": 4, "matchentry": 1}}, {"pk": 64, "model": "web.score", "fields": {"hole": 11, "score": 4, "matchentry": 1}}, {"pk": 65, "model": "web.score", "fields": {"hole": 12, "score": 5, "matchentry": 1}}, {"pk": 66, "model": "web.score", "fields": {"hole": 13, "score": 5, "matchentry": 1}}, {"pk": 67, "model": "web.score", "fields": {"hole": 14, "score": 4, "matchentry": 1}}, {"pk": 68, "model": "web.score", "fields": {"hole": 15, "score": 5, "matchentry": 1}}, {"pk": 69, "model": "web.score", "fields": {"hole": 16, "score": 7, "matchentry": 1}}, {"pk": 70, "model": "web.score", "fields": {"hole": 17, "score": 3, "matchentry": 1}}, {"pk": 71, "model": "web.score", "fields": {"hole": 18, "score": 7, "matchentry": 1}}, {"pk": 90, "model": "web.score", "fields": {"hole": 1, "score": 5, "matchentry": 4}}, {"pk": 91, "model": "web.score", "fields": {"hole": 2, "score": 3, "matchentry": 4}}, {"pk": 92, "model": "web.score", "fields": {"hole": 3, "score": 4, "matchentry": 4}}, {"pk": 93, "model": "web.score", "fields": {"hole": 4, "score": 4, "matchentry": 4}}, {"pk": 94, "model": "web.score", "fields": {"hole": 5, "score": 4, "matchentry": 4}}, {"pk": 95, "model": "web.score", "fields": {"hole": 6, "score": 6, "matchentry": 4}}, {"pk": 96, "model": "web.score", "fields": {"hole": 7, "score": 3, "matchentry": 4}}, {"pk": 97, "model": "web.score", "fields": {"hole": 8, "score": 4, "matchentry": 4}}, {"pk": 98, "model": "web.score", "fields": {"hole": 9, "score": 4, "matchentry": 4}}, {"pk": 99, "model": "web.score", "fields": {"hole": 10, "score": 4, "matchentry": 4}}, {"pk": 100, "model": "web.score", "fields": {"hole": 11, "score": 4, "matchentry": 4}}, {"pk": 101, "model": "web.score", "fields": {"hole": 12, "score": 4, "matchentry": 4}}, {"pk": 102, "model": "web.score", "fields": {"hole": 13, "score": 4, "matchentry": 4}}, {"pk": 103, "model": "web.score", "fields": {"hole": 14, "score": 3, "matchentry": 4}}, {"pk": 104, "model": "web.score", "fields": {"hole": 15, "score": 4, "matchentry": 4}}, {"pk": 105, "model": "web.score", "fields": {"hole": 16, "score": 4, "matchentry": 4}}, {"pk": 106, "model": "web.score", "fields": {"hole": 17, "score": 4, "matchentry": 4}}, {"pk": 107, "model": "web.score", "fields": {"hole": 18, "score": 5, "matchentry": 4}}, {"pk": 35, "model": "web.score", "fields": {"hole": 1, "score": 5, "matchentry": 2}}, {"pk": 36, "model": "web.score", "fields": {"hole": 2, "score": 3, "matchentry": 2}}, {"pk": 37, "model": "web.score", "fields": {"hole": 3, "score": 4, "matchentry": 2}}, {"pk": 38, "model": "web.score", "fields": {"hole": 4, "score": 4, "matchentry": 2}}, {"pk": 39, "model": "web.score", "fields": {"hole": 5, "score": 5, "matchentry": 2}}, {"pk": 40, "model": "web.score", "fields": {"hole": 6, "score": 5, "matchentry": 2}}, {"pk": 41, "model": "web.score", "fields": {"hole": 7, "score": 3, "matchentry": 2}}, {"pk": 42, "model": "web.score", "fields": {"hole": 8, "score": 4, "matchentry": 2}}, {"pk": 43, "model": "web.score", "fields": {"hole": 9, "score": 3, "matchentry": 2}}, {"pk": 44, "model": "web.score", "fields": {"hole": 10, "score": 4, "matchentry": 2}}, {"pk": 45, "model": "web.score", "fields": {"hole": 11, "score": 3, "matchentry": 2}}, {"pk": 46, "model": "web.score", "fields": {"hole": 12, "score": 4, "matchentry": 2}}, {"pk": 47, "model": "web.score", "fields": {"hole": 13, "score": 4, "matchentry": 2}}, {"pk": 48, "model": "web.score", "fields": {"hole": 14, "score": 3, "matchentry": 2}}, {"pk": 49, "model": "web.score", "fields": {"hole": 15, "score": 4, "matchentry": 2}}, {"pk": 50, "model": "web.score", "fields": {"hole": 16, "score": 5, "matchentry": 2}}, {"pk": 51, "model": "web.score", "fields": {"hole": 17, "score": 4, "matchentry": 2}}, {"pk": 52, "model": "web.score", "fields": {"hole": 18, "score": 4, "matchentry": 2}}]
