[{"pk": 5, "model": "contenttypes.contenttype", "fields": {"model": "contenttype", "name": "content type", "app_label": "contenttypes"}}, {"pk": 10, "model": "contenttypes.contenttype", "fields": {"model": "course", "name": "course", "app_label": "web"}}, {"pk": 17, "model": "contenttypes.contenttype", "fields": {"model": "draw", "name": "draw", "app_label": "web"}}, {"pk": 2, "model": "contenttypes.contenttype", "fields": {"model": "group", "name": "group", "app_label": "auth"}}, {"pk": 16, "model": "contenttypes.contenttype", "fields": {"model": "handicap", "name": "handicap", "app_label": "web"}}, {"pk": 12, "model": "contenttypes.contenttype", "fields": {"model": "hole", "name": "hole", "app_label": "web"}}, {"pk": 8, "model": "contenttypes.contenttype", "fields": {"model": "logentry", "name": "log entry", "app_label": "admin"}}, {"pk": 19, "model": "contenttypes.contenttype", "fields": {"model": "matchentry", "name": "matchentry", "app_label": "web"}}, {"pk": 4, "model": "contenttypes.contenttype", "fields": {"model": "message", "name": "message", "app_label": "auth"}}, {"pk": 1, "model": "contenttypes.contenttype", "fields": {"model": "permission", "name": "permission", "app_label": "auth"}}, {"pk": 15, "model": "contenttypes.contenttype", "fields": {"model": "player", "name": "player", "app_label": "web"}}, {"pk": 20, "model": "contenttypes.contenttype", "fields": {"model": "score", "name": "score", "app_label": "web"}}, {"pk": 6, "model": "contenttypes.contenttype", "fields": {"model": "session", "name": "session", "app_label": "sessions"}}, {"pk": 7, "model": "contenttypes.contenttype", "fields": {"model": "site", "name": "site", "app_label": "sites"}}, {"pk": 11, "model": "contenttypes.contenttype", "fields": {"model": "tee", "name": "tee", "app_label": "web"}}, {"pk": 18, "model": "contenttypes.contenttype", "fields": {"model": "teeoff", "name": "teeoff", "app_label": "web"}}, {"pk": 9, "model": "contenttypes.contenttype", "fields": {"model": "tempreg", "name": "tempreg", "app_label": "web"}}, {"pk": 13, "model": "contenttypes.contenttype", "fields": {"model": "tournament", "name": "tournament", "app_label": "web"}}, {"pk": 14, "model": "contenttypes.contenttype", "fields": {"model": "trophy", "name": "trophy", "app_label": "web"}}, {"pk": 3, "model": "contenttypes.contenttype", "fields": {"model": "user", "name": "user", "app_label": "auth"}}, {"pk": "8963cb2b08a130a31c5732cfc16cc3d9", "model": "sessions.session", "fields": {"expire_date": "2010-02-12 12:11:05", "session_data": "gAJ9cQEoVRJfYXV0aF91c2VyX2JhY2tlbmRxAlUpZGphbmdvLmNvbnRyaWIuYXV0aC5iYWNrZW5k\ncy5Nb2RlbEJhY2tlbmRxA1UNX2F1dGhfdXNlcl9pZHEESwF1Ljk3MzdlYzVhYjE4YzgxM2QxYTIx\nNmU2MmJjNDk0MWU3\n"}}, {"pk": 1, "model": "sites.site", "fields": {"domain": "example.com", "name": "example.com"}}, {"pk": 33, "model": "admin.logentry", "fields": {"action_flag": 3, "action_time": "2010-01-30 10:55:31", "object_repr": "kenneth gonsalves: ogc: Ootacamund Gymkhana club 2010-02-12: rounds: 1: score 5", "object_id": "8", "change_message": "", "user": 1, "content_type": 20}}, {"pk": 32, "model": "admin.logentry", "fields": {"action_flag": 3, "action_time": "2010-01-30 10:55:31", "object_repr": "kenneth gonsalves: ogc: Ootacamund Gymkhana club 2010-02-12: rounds: 1: score 4", "object_id": "9", "change_message": "", "user": 1, "content_type": 20}}, {"pk": 31, "model": "admin.logentry", "fields": {"action_flag": 3, "action_time": "2010-01-30 10:55:31", "object_repr": "kenneth gonsalves: ogc: Ootacamund Gymkhana club 2010-02-12: rounds: 1: score 5", "object_id": "10", "change_message": "", "user": 1, "content_type": 20}}, {"pk": 30, "model": "admin.logentry", "fields": {"action_flag": 3, "action_time": "2010-01-30 10:55:31", "object_repr": "kenneth gonsalves: ogc: Ootacamund Gymkhana club 2010-02-12: rounds: 1: score 6", "object_id": "11", "change_message": "", "user": 1, "content_type": 20}}, {"pk": 29, "model": "admin.logentry", "fields": {"action_flag": 3, "action_time": "2010-01-30 10:55:31", "object_repr": "kenneth gonsalves: ogc: Ootacamund Gymkhana club 2010-02-12: rounds: 1: score 7", "object_id": "12", "change_message": "", "user": 1, "content_type": 20}}, {"pk": 28, "model": "admin.logentry", "fields": {"action_flag": 3, "action_time": "2010-01-30 10:55:31", "object_repr": "kenneth gonsalves: ogc: Ootacamund Gymkhana club 2010-02-12: rounds: 1: score 6", "object_id": "13", "change_message": "", "user": 1, "content_type": 20}}, {"pk": 27, "model": "admin.logentry", "fields": {"action_flag": 3, "action_time": "2010-01-30 10:55:31", "object_repr": "kenneth gonsalves: ogc: Ootacamund Gymkhana club 2010-02-12: rounds: 1: score 3", "object_id": "14", "change_message": "", "user": 1, "content_type": 20}}, {"pk": 26, "model": "admin.logentry", "fields": {"action_flag": 3, "action_time": "2010-01-30 10:55:31", "object_repr": "kenneth gonsalves: ogc: Ootacamund Gymkhana club 2010-02-12: rounds: 1: score 4", "object_id": "15", "change_message": "", "user": 1, "content_type": 20}}, {"pk": 25, "model": "admin.logentry", "fields": {"action_flag": 3, "action_time": "2010-01-30 10:55:31", "object_repr": "kenneth gonsalves: ogc: Ootacamund Gymkhana club 2010-02-12: rounds: 1: score 4", "object_id": "16", "change_message": "", "user": 1, "content_type": 20}}, {"pk": 24, "model": "admin.logentry", "fields": {"action_flag": 3, "action_time": "2010-01-30 10:55:31", "object_repr": "kenneth gonsalves: ogc: Ootacamund Gymkhana club 2010-02-12: rounds: 1: score 5", "object_id": "17", "change_message": "", "user": 1, "content_type": 20}}, {"pk": 23, "model": "admin.logentry", "fields": {"action_flag": 3, "action_time": "2010-01-30 10:37:01", "object_repr": "r velu: ogc: Ootacamund Gymkhana club 2010-02-12: rounds: 1: score 5", "object_id": "18", "change_message": "", "user": 1, "content_type": 20}}, {"pk": 22, "model": "admin.logentry", "fields": {"action_flag": 3, "action_time": "2010-01-30 10:37:01", "object_repr": "r velu: ogc: Ootacamund Gymkhana club 2010-02-12: rounds: 1: score 3", "object_id": "19", "change_message": "", "user": 1, "content_type": 20}}, {"pk": 21, "model": "admin.logentry", "fields": {"action_flag": 3, "action_time": "2010-01-30 10:37:01", "object_repr": "r velu: ogc: Ootacamund Gymkhana club 2010-02-12: rounds: 1: score 4", "object_id": "20", "change_message": "", "user": 1, "content_type": 20}}, {"pk": 20, "model": "admin.logentry", "fields": {"action_flag": 3, "action_time": "2010-01-30 10:37:01", "object_repr": "r velu: ogc: Ootacamund Gymkhana club 2010-02-12: rounds: 1: score 5", "object_id": "21", "change_message": "", "user": 1, "content_type": 20}}, {"pk": 19, "model": "admin.logentry", "fields": {"action_flag": 3, "action_time": "2010-01-30 10:37:01", "object_repr": "r velu: ogc: Ootacamund Gymkhana club 2010-02-12: rounds: 1: score 4", "object_id": "22", "change_message": "", "user": 1, "content_type": 20}}, {"pk": 18, "model": "admin.logentry", "fields": {"action_flag": 3, "action_time": "2010-01-30 10:37:01", "object_repr": "r velu: ogc: Ootacamund Gymkhana club 2010-02-12: rounds: 1: score 7", "object_id": "23", "change_message": "", "user": 1, "content_type": 20}}, {"pk": 17, "model": "admin.logentry", "fields": {"action_flag": 3, "action_time": "2010-01-30 10:37:01", "object_repr": "r velu: ogc: Ootacamund Gymkhana club 2010-02-12: rounds: 1: score 3", "object_id": "24", "change_message": "", "user": 1, "content_type": 20}}, {"pk": 16, "model": "admin.logentry", "fields": {"action_flag": 3, "action_time": "2010-01-30 10:37:01", "object_repr": "r velu: ogc: Ootacamund Gymkhana club 2010-02-12: rounds: 1: score 6", "object_id": "25", "change_message": "", "user": 1, "content_type": 20}}, {"pk": 15, "model": "admin.logentry", "fields": {"action_flag": 3, "action_time": "2010-01-30 10:37:01", "object_repr": "r velu: ogc: Ootacamund Gymkhana club 2010-02-12: rounds: 1: score 8", "object_id": "26", "change_message": "", "user": 1, "content_type": 20}}, {"pk": 14, "model": "admin.logentry", "fields": {"action_flag": 3, "action_time": "2010-01-30 10:37:01", "object_repr": "r velu: ogc: Ootacamund Gymkhana club 2010-02-12: rounds: 1: score 4", "object_id": "27", "change_message": "", "user": 1, "content_type": 20}}, {"pk": 13, "model": "admin.logentry", "fields": {"action_flag": 3, "action_time": "2010-01-30 10:37:01", "object_repr": "r velu: ogc: Ootacamund Gymkhana club 2010-02-12: rounds: 1: score 3", "object_id": "28", "change_message": "", "user": 1, "content_type": 20}}, {"pk": 12, "model": "admin.logentry", "fields": {"action_flag": 3, "action_time": "2010-01-30 10:37:01", "object_repr": "r velu: ogc: Ootacamund Gymkhana club 2010-02-12: rounds: 1: score 5", "object_id": "29", "change_message": "", "user": 1, "content_type": 20}}, {"pk": 11, "model": "admin.logentry", "fields": {"action_flag": 3, "action_time": "2010-01-30 10:37:01", "object_repr": "r velu: ogc: Ootacamund Gymkhana club 2010-02-12: rounds: 1: score 4", "object_id": "30", "change_message": "", "user": 1, "content_type": 20}}, {"pk": 10, "model": "admin.logentry", "fields": {"action_flag": 3, "action_time": "2010-01-30 10:37:01", "object_repr": "r velu: ogc: Ootacamund Gymkhana club 2010-02-12: rounds: 1: score 7", "object_id": "31", "change_message": "", "user": 1, "content_type": 20}}, {"pk": 9, "model": "admin.logentry", "fields": {"action_flag": 3, "action_time": "2010-01-30 10:37:01", "object_repr": "r velu: ogc: Ootacamund Gymkhana club 2010-02-12: rounds: 1: score 5", "object_id": "32", "change_message": "", "user": 1, "content_type": 20}}, {"pk": 8, "model": "admin.logentry", "fields": {"action_flag": 3, "action_time": "2010-01-30 10:37:01", "object_repr": "r velu: ogc: Ootacamund Gymkhana club 2010-02-12: rounds: 1: score 4", "object_id": "33", "change_message": "", "user": 1, "content_type": 20}}, {"pk": 7, "model": "admin.logentry", "fields": {"action_flag": 3, "action_time": "2010-01-30 10:37:01", "object_repr": "r velu: ogc: Ootacamund Gymkhana club 2010-02-12: rounds: 1: score 4", "object_id": "34", "change_message": "", "user": 1, "content_type": 20}}, {"pk": 6, "model": "admin.logentry", "fields": {"action_flag": 3, "action_time": "2010-01-30 10:10:09", "object_repr": "kenneth gonsalves: ogc: Ootacamund Gymkhana club 2010-02-12: rounds: 1: score 5", "object_id": "1", "change_message": "", "user": 1, "content_type": 20}}, {"pk": 5, "model": "admin.logentry", "fields": {"action_flag": 3, "action_time": "2010-01-30 10:10:09", "object_repr": "kenneth gonsalves: ogc: Ootacamund Gymkhana club 2010-02-12: rounds: 1: score 3", "object_id": "2", "change_message": "", "user": 1, "content_type": 20}}, {"pk": 4, "model": "admin.logentry", "fields": {"action_flag": 3, "action_time": "2010-01-30 10:10:09", "object_repr": "kenneth gonsalves: ogc: Ootacamund Gymkhana club 2010-02-12: rounds: 1: score 4", "object_id": "3", "change_message": "", "user": 1, "content_type": 20}}, {"pk": 3, "model": "admin.logentry", "fields": {"action_flag": 3, "action_time": "2010-01-30 10:10:09", "object_repr": "r velu: ogc: Ootacamund Gymkhana club 2010-02-12: rounds: 1: score 8", "object_id": "4", "change_message": "", "user": 1, "content_type": 20}}, {"pk": 2, "model": "admin.logentry", "fields": {"action_flag": 3, "action_time": "2010-01-30 10:10:09", "object_repr": "r velu: ogc: Ootacamund Gymkhana club 2010-02-12: rounds: 1: score 9", "object_id": "5", "change_message": "", "user": 1, "content_type": 20}}, {"pk": 1, "model": "admin.logentry", "fields": {"action_flag": 3, "action_time": "2010-01-30 10:10:09", "object_repr": "r velu: ogc: Ootacamund Gymkhana club 2010-02-12: rounds: 1: score 10", "object_id": "6", "change_message": "", "user": 1, "content_type": 20}}, {"pk": 1, "model": "web.course", "fields": {"shortname": "ogc", "name": "Ootacamund Gymkhana club", "description": "ssss"}}, {"pk": 1, "model": "web.tee", "fields": {"course": 1, "colour": "WT", "courserating": "69.1", "description": "gents tee", "sloperating": 117}}, {"pk": 1, "model": "web.hole", "fields": {"par": 5, "strokeindex": 13, "tee": 1, "yardage": 500, "number": 1}}, {"pk": 2, "model": "web.hole", "fields": {"par": 3, "strokeindex": 11, "tee": 1, "yardage": 210, "number": 2}}, {"pk": 3, "model": "web.hole", "fields": {"par": 4, "strokeindex": 3, "tee": 1, "yardage": 380, "number": 3}}, {"pk": 4, "model": "web.hole", "fields": {"par": 4, "strokeindex": 15, "tee": 1, "yardage": 345, "number": 4}}, {"pk": 5, "model": "web.hole", "fields": {"par": 5, "strokeindex": 9, "tee": 1, "yardage": 500, "number": 5}}, {"pk": 6, "model": "web.hole", "fields": {"par": 4, "strokeindex": 1, "tee": 1, "yardage": 400, "number": 6}}, {"pk": 7, "model": "web.hole", "fields": {"par": 3, "strokeindex": 7, "tee": 1, "yardage": 190, "number": 7}}, {"pk": 8, "model": "web.hole", "fields": {"par": 4, "strokeindex": 17, "tee": 1, "yardage": 350, "number": 8}}, {"pk": 9, "model": "web.hole", "fields": {"par": 3, "strokeindex": 5, "tee": 1, "yardage": 213, "number": 9}}, {"pk": 10, "model": "web.hole", "fields": {"par": 4, "strokeindex": 10, "tee": 1, "yardage": 345, "number": 10}}, {"pk": 11, "model": "web.hole", "fields": {"par": 3, "strokeindex": 14, "tee": 1, "yardage": 213, "number": 11}}, {"pk": 12, "model": "web.hole", "fields": {"par": 4, "strokeindex": 18, "tee": 1, "yardage": 360, "number": 12}}, {"pk": 13, "model": "web.hole", "fields": {"par": 4, "strokeindex": 2, "tee": 1, "yardage": 367, "number": 13}}, {"pk": 14, "model": "web.hole", "fields": {"par": 3, "strokeindex": 6, "tee": 1, "yardage": 220, "number": 14}}, {"pk": 15, "model": "web.hole", "fields": {"par": 4, "strokeindex": 12, "tee": 1, "yardage": 356, "number": 15}}, {"pk": 16, "model": "web.hole", "fields": {"par": 5, "strokeindex": 8, "tee": 1, "yardage": 497, "number": 16}}, {"pk": 17, "model": "web.hole", "fields": {"par": 4, "strokeindex": 16, "tee": 1, "yardage": 345, "number": 17}}, {"pk": 18, "model": "web.hole", "fields": {"par": 4, "strokeindex": 4, "tee": 1, "yardage": 387, "number": 18}}, {"pk": 1, "model": "web.tournament", "fields": {"startdate": "2010-02-12", "rounds": 1, "course": 1}}, {"pk": 1, "model": "web.player", "fields": {"first_name": "kenneth", "last_name": "gonsalves", "homeclub": 1, "tee": 1}}, {"pk": 2, "model": "web.player", "fields": {"first_name": "r", "last_name": "velu", "homeclub": 1, "tee": 1}}, {"pk": 3, "model": "web.player", "fields": {"first_name": "pbh", "last_name": "pawar", "homeclub": 1, "tee": 1}}, {"pk": 4, "model": "web.player", "fields": {"first_name": "shyam", "last_name": "sunder", "homeclub": 1, "tee": 1}}, {"pk": 1, "model": "web.handicap", "fields": {"handicap": "28.2", "player": 1, "valto": "2010-01-31", "valfrom": "2010-01-01"}}, {"pk": 2, "model": "web.handicap", "fields": {"handicap": "20.2", "player": 2, "valto": "2010-01-31", "valfrom": "2010-01-01"}}, {"pk": 3, "model": "web.handicap", "fields": {"handicap": "13.6", "player": 3, "valto": "2010-01-31", "valfrom": "2010-01-01"}}, {"pk": 4, "model": "web.handicap", "fields": {"handicap": "9.7", "player": 4, "valto": "2010-01-31", "valfrom": "2009-12-01"}}, {"pk": 1, "model": "web.matchentry", "fields": {"player": 1, "tournament": 1}}, {"pk": 2, "model": "web.matchentry", "fields": {"player": 2, "tournament": 1}}, {"pk": 3, "model": "web.matchentry", "fields": {"player": 3, "tournament": 1}}, {"pk": 4, "model": "web.matchentry", "fields": {"player": 4, "tournament": 1}}, {"pk": 54, "model": "web.score", "fields": {"hole": 1, "score": 5, "matchentry": 1}}, {"pk": 55, "model": "web.score", "fields": {"hole": 2, "score": 3, "matchentry": 1}}, {"pk": 56, "model": "web.score", "fields": {"hole": 3, "score": 5, "matchentry": 1}}, {"pk": 57, "model": "web.score", "fields": {"hole": 4, "score": 5, "matchentry": 1}}, {"pk": 58, "model": "web.score", "fields": {"hole": 5, "score": 6, "matchentry": 1}}, {"pk": 59, "model": "web.score", "fields": {"hole": 6, "score": 6, "matchentry": 1}}, {"pk": 60, "model": "web.score", "fields": {"hole": 7, "score": 5, "matchentry": 1}}, {"pk": 61, "model": "web.score", "fields": {"hole": 8, "score": 4, "matchentry": 1}}, {"pk": 62, "model": "web.score", "fields": {"hole": 9, "score": 3, "matchentry": 1}}, {"pk": 63, "model": "web.score", "fields": {"hole": 10, "score": 4, "matchentry": 1}}, {"pk": 64, "model": "web.score", "fields": {"hole": 11, "score": 4, "matchentry": 1}}, {"pk": 65, "model": "web.score", "fields": {"hole": 12, "score": 5, "matchentry": 1}}, {"pk": 66, "model": "web.score", "fields": {"hole": 13, "score": 5, "matchentry": 1}}, {"pk": 67, "model": "web.score", "fields": {"hole": 14, "score": 4, "matchentry": 1}}, {"pk": 68, "model": "web.score", "fields": {"hole": 15, "score": 5, "matchentry": 1}}, {"pk": 69, "model": "web.score", "fields": {"hole": 16, "score": 7, "matchentry": 1}}, {"pk": 35, "model": "web.score", "fields": {"hole": 1, "score": 5, "matchentry": 2}}, {"pk": 36, "model": "web.score", "fields": {"hole": 2, "score": 3, "matchentry": 2}}, {"pk": 37, "model": "web.score", "fields": {"hole": 3, "score": 4, "matchentry": 2}}, {"pk": 38, "model": "web.score", "fields": {"hole": 4, "score": 4, "matchentry": 2}}, {"pk": 39, "model": "web.score", "fields": {"hole": 5, "score": 5, "matchentry": 2}}, {"pk": 40, "model": "web.score", "fields": {"hole": 6, "score": 4, "matchentry": 2}}, {"pk": 41, "model": "web.score", "fields": {"hole": 7, "score": 3, "matchentry": 2}}, {"pk": 42, "model": "web.score", "fields": {"hole": 8, "score": 4, "matchentry": 2}}, {"pk": 43, "model": "web.score", "fields": {"hole": 9, "score": 3, "matchentry": 2}}, {"pk": 44, "model": "web.score", "fields": {"hole": 10, "score": 4, "matchentry": 2}}, {"pk": 45, "model": "web.score", "fields": {"hole": 11, "score": 3, "matchentry": 2}}, {"pk": 46, "model": "web.score", "fields": {"hole": 12, "score": 4, "matchentry": 2}}, {"pk": 47, "model": "web.score", "fields": {"hole": 13, "score": 4, "matchentry": 2}}, {"pk": 48, "model": "web.score", "fields": {"hole": 14, "score": 3, "matchentry": 2}}, {"pk": 49, "model": "web.score", "fields": {"hole": 15, "score": 4, "matchentry": 2}}, {"pk": 50, "model": "web.score", "fields": {"hole": 16, "score": 5, "matchentry": 2}}, {"pk": 51, "model": "web.score", "fields": {"hole": 17, "score": 4, "matchentry": 2}}, {"pk": 52, "model": "web.score", "fields": {"hole": 18, "score": 4, "matchentry": 2}}, {"pk": 70, "model": "web.score", "fields": {"hole": 17, "score": 3, "matchentry": 1}}, {"pk": 72, "model": "web.score", "fields": {"hole": 1, "score": 4, "matchentry": 3}}, {"pk": 73, "model": "web.score", "fields": {"hole": 2, "score": 3, "matchentry": 3}}, {"pk": 74, "model": "web.score", "fields": {"hole": 3, "score": 4, "matchentry": 3}}, {"pk": 75, "model": "web.score", "fields": {"hole": 4, "score": 4, "matchentry": 3}}, {"pk": 76, "model": "web.score", "fields": {"hole": 5, "score": 5, "matchentry": 3}}, {"pk": 77, "model": "web.score", "fields": {"hole": 6, "score": 5, "matchentry": 3}}, {"pk": 78, "model": "web.score", "fields": {"hole": 7, "score": 7, "matchentry": 3}}, {"pk": 79, "model": "web.score", "fields": {"hole": 8, "score": 4, "matchentry": 3}}, {"pk": 80, "model": "web.score", "fields": {"hole": 9, "score": 3, "matchentry": 3}}, {"pk": 81, "model": "web.score", "fields": {"hole": 10, "score": 4, "matchentry": 3}}, {"pk": 82, "model": "web.score", "fields": {"hole": 11, "score": 3, "matchentry": 3}}, {"pk": 83, "model": "web.score", "fields": {"hole": 12, "score": 4, "matchentry": 3}}, {"pk": 84, "model": "web.score", "fields": {"hole": 13, "score": 5, "matchentry": 3}}, {"pk": 85, "model": "web.score", "fields": {"hole": 14, "score": 3, "matchentry": 3}}, {"pk": 86, "model": "web.score", "fields": {"hole": 15, "score": 4, "matchentry": 3}}, {"pk": 87, "model": "web.score", "fields": {"hole": 16, "score": 6, "matchentry": 3}}, {"pk": 88, "model": "web.score", "fields": {"hole": 17, "score": 5, "matchentry": 3}}, {"pk": 89, "model": "web.score", "fields": {"hole": 18, "score": 4, "matchentry": 3}}, {"pk": 71, "model": "web.score", "fields": {"hole": 18, "score": 7, "matchentry": 1}}, {"pk": 22, "model": "auth.permission", "fields": {"codename": "add_logentry", "name": "Can add log entry", "content_type": 8}}, {"pk": 23, "model": "auth.permission", "fields": {"codename": "change_logentry", "name": "Can change log entry", "content_type": 8}}, {"pk": 24, "model": "auth.permission", "fields": {"codename": "delete_logentry", "name": "Can delete log entry", "content_type": 8}}, {"pk": 4, "model": "auth.permission", "fields": {"codename": "add_group", "name": "Can add group", "content_type": 2}}, {"pk": 5, "model": "auth.permission", "fields": {"codename": "change_group", "name": "Can change group", "content_type": 2}}, {"pk": 6, "model": "auth.permission", "fields": {"codename": "delete_group", "name": "Can delete group", "content_type": 2}}, {"pk": 10, "model": "auth.permission", "fields": {"codename": "add_message", "name": "Can add message", "content_type": 4}}, {"pk": 11, "model": "auth.permission", "fields": {"codename": "change_message", "name": "Can change message", "content_type": 4}}, {"pk": 12, "model": "auth.permission", "fields": {"codename": "delete_message", "name": "Can delete message", "content_type": 4}}, {"pk": 1, "model": "auth.permission", "fields": {"codename": "add_permission", "name": "Can add permission", "content_type": 1}}, {"pk": 2, "model": "auth.permission", "fields": {"codename": "change_permission", "name": "Can change permission", "content_type": 1}}, {"pk": 3, "model": "auth.permission", "fields": {"codename": "delete_permission", "name": "Can delete permission", "content_type": 1}}, {"pk": 7, "model": "auth.permission", "fields": {"codename": "add_user", "name": "Can add user", "content_type": 3}}, {"pk": 8, "model": "auth.permission", "fields": {"codename": "change_user", "name": "Can change user", "content_type": 3}}, {"pk": 9, "model": "auth.permission", "fields": {"codename": "delete_user", "name": "Can delete user", "content_type": 3}}, {"pk": 13, "model": "auth.permission", "fields": {"codename": "add_contenttype", "name": "Can add content type", "content_type": 5}}, {"pk": 14, "model": "auth.permission", "fields": {"codename": "change_contenttype", "name": "Can change content type", "content_type": 5}}, {"pk": 15, "model": "auth.permission", "fields": {"codename": "delete_contenttype", "name": "Can delete content type", "content_type": 5}}, {"pk": 16, "model": "auth.permission", "fields": {"codename": "add_session", "name": "Can add session", "content_type": 6}}, {"pk": 17, "model": "auth.permission", "fields": {"codename": "change_session", "name": "Can change session", "content_type": 6}}, {"pk": 18, "model": "auth.permission", "fields": {"codename": "delete_session", "name": "Can delete session", "content_type": 6}}, {"pk": 19, "model": "auth.permission", "fields": {"codename": "add_site", "name": "Can add site", "content_type": 7}}, {"pk": 20, "model": "auth.permission", "fields": {"codename": "change_site", "name": "Can change site", "content_type": 7}}, {"pk": 21, "model": "auth.permission", "fields": {"codename": "delete_site", "name": "Can delete site", "content_type": 7}}, {"pk": 28, "model": "auth.permission", "fields": {"codename": "add_course", "name": "Can add course", "content_type": 10}}, {"pk": 29, "model": "auth.permission", "fields": {"codename": "change_course", "name": "Can change course", "content_type": 10}}, {"pk": 30, "model": "auth.permission", "fields": {"codename": "delete_course", "name": "Can delete course", "content_type": 10}}, {"pk": 49, "model": "auth.permission", "fields": {"codename": "add_draw", "name": "Can add draw", "content_type": 17}}, {"pk": 50, "model": "auth.permission", "fields": {"codename": "change_draw", "name": "Can change draw", "content_type": 17}}, {"pk": 51, "model": "auth.permission", "fields": {"codename": "delete_draw", "name": "Can delete draw", "content_type": 17}}, {"pk": 46, "model": "auth.permission", "fields": {"codename": "add_handicap", "name": "Can add handicap", "content_type": 16}}, {"pk": 47, "model": "auth.permission", "fields": {"codename": "change_handicap", "name": "Can change handicap", "content_type": 16}}, {"pk": 48, "model": "auth.permission", "fields": {"codename": "delete_handicap", "name": "Can delete handicap", "content_type": 16}}, {"pk": 34, "model": "auth.permission", "fields": {"codename": "add_hole", "name": "Can add hole", "content_type": 12}}, {"pk": 35, "model": "auth.permission", "fields": {"codename": "change_hole", "name": "Can change hole", "content_type": 12}}, {"pk": 36, "model": "auth.permission", "fields": {"codename": "delete_hole", "name": "Can delete hole", "content_type": 12}}, {"pk": 55, "model": "auth.permission", "fields": {"codename": "add_matchentry", "name": "Can add matchentry", "content_type": 19}}, {"pk": 56, "model": "auth.permission", "fields": {"codename": "change_matchentry", "name": "Can change matchentry", "content_type": 19}}, {"pk": 57, "model": "auth.permission", "fields": {"codename": "delete_matchentry", "name": "Can delete matchentry", "content_type": 19}}, {"pk": 43, "model": "auth.permission", "fields": {"codename": "add_player", "name": "Can add player", "content_type": 15}}, {"pk": 44, "model": "auth.permission", "fields": {"codename": "change_player", "name": "Can change player", "content_type": 15}}, {"pk": 45, "model": "auth.permission", "fields": {"codename": "delete_player", "name": "Can delete player", "content_type": 15}}, {"pk": 58, "model": "auth.permission", "fields": {"codename": "add_score", "name": "Can add score", "content_type": 20}}, {"pk": 59, "model": "auth.permission", "fields": {"codename": "change_score", "name": "Can change score", "content_type": 20}}, {"pk": 60, "model": "auth.permission", "fields": {"codename": "delete_score", "name": "Can delete score", "content_type": 20}}, {"pk": 31, "model": "auth.permission", "fields": {"codename": "add_tee", "name": "Can add tee", "content_type": 11}}, {"pk": 32, "model": "auth.permission", "fields": {"codename": "change_tee", "name": "Can change tee", "content_type": 11}}, {"pk": 33, "model": "auth.permission", "fields": {"codename": "delete_tee", "name": "Can delete tee", "content_type": 11}}, {"pk": 52, "model": "auth.permission", "fields": {"codename": "add_teeoff", "name": "Can add teeoff", "content_type": 18}}, {"pk": 53, "model": "auth.permission", "fields": {"codename": "change_teeoff", "name": "Can change teeoff", "content_type": 18}}, {"pk": 54, "model": "auth.permission", "fields": {"codename": "delete_teeoff", "name": "Can delete teeoff", "content_type": 18}}, {"pk": 25, "model": "auth.permission", "fields": {"codename": "add_tempreg", "name": "Can add tempreg", "content_type": 9}}, {"pk": 26, "model": "auth.permission", "fields": {"codename": "change_tempreg", "name": "Can change tempreg", "content_type": 9}}, {"pk": 27, "model": "auth.permission", "fields": {"codename": "delete_tempreg", "name": "Can delete tempreg", "content_type": 9}}, {"pk": 37, "model": "auth.permission", "fields": {"codename": "add_tournament", "name": "Can add tournament", "content_type": 13}}, {"pk": 38, "model": "auth.permission", "fields": {"codename": "change_tournament", "name": "Can change tournament", "content_type": 13}}, {"pk": 39, "model": "auth.permission", "fields": {"codename": "delete_tournament", "name": "Can delete tournament", "content_type": 13}}, {"pk": 40, "model": "auth.permission", "fields": {"codename": "add_trophy", "name": "Can add trophy", "content_type": 14}}, {"pk": 41, "model": "auth.permission", "fields": {"codename": "change_trophy", "name": "Can change trophy", "content_type": 14}}, {"pk": 42, "model": "auth.permission", "fields": {"codename": "delete_trophy", "name": "Can delete trophy", "content_type": 14}}, {"pk": 1, "model": "auth.user", "fields": {"username": "lawgon", "first_name": "", "last_name": "", "is_active": true, "is_superuser": true, "is_staff": true, "last_login": "2010-01-29 12:11:05", "groups": [], "user_permissions": [], "password": "sha1$75166$26a3a6365594dde4ff513285697bb2999e347812", "email": "lawgon@localhost.web", "date_joined": "2010-01-29 12:10:20"}}]
